{"episode_types": ["t", "t", "t", "t", "t", "t", "t", "t", "t", "t", "t", "t", "t", "t", "t", "t", "t", "t", "t", "t", "t", "t", "t", "t", "t", "t", "t", "t", "t", "t", "t", "t", "t", "t", "t", "t", "t", "t", "t", "t", "t", "t", "t", "t", "t", "t", "t", "t", "t", "t", "t", "t", "t", "t", "t", "t", "t", "t", "t", "t", "t", "t", "t", "t", "t", "t", "t", "t", "t", "t", "t", "t", "t", "t", "t", "t", "t", "t", "t", "t", "t", "t", "t", "t", "t", "t", "t", "t", "t", "t", "t", "t", "t", "t", "t", "t", "t", "t", "t", "t", "t"], "episode_lengths": [1894, 1809, 1729, 1661, 1725, 1807, 1761, 1870, 1729, 1725, 1726, 1727, 1725, 1752, 1744, 1775, 1730, 1669, 1730, 1900, 1675, 1730, 1728, 1671, 1728, 1726, 1725, 1674, 1714, 1811, 1729, 1861, 1669, 1879, 1861, 1806, 1770, 1781, 1663, 1783, 1730, 1722, 1674, 1970, 1816, 1673, 1668, 1726, 1780, 1808, 1804, 1672, 1744, 1962, 1726, 1812, 1810, 1809, 1728, 1726, 1725, 1809, 1729, 1811, 1721, 1664, 1732, 1781, 1727, 1893, 1844, 1725, 1728, 1669, 1803, 1808, 1780, 1865, 1726, 1808, 1723, 1757, 1808, 1809, 1726, 1673, 1790, 1731, 1726, 1764, 1720, 1732, 1661, 1728, 1718, 1693, 1714, 1728, 1728, 1668], "episode_rewards": [17.0, 20.0, 20.0, 20.0, 20.0, 20.0, 20.0, 19.0, 20.0, 20.0, 20.0, 20.0, 20.0, 20.0, 20.0, 19.0, 20.0, 20.0, 20.0, 18.0, 20.0, 20.0, 20.0, 20.0, 20.0, 20.0, 20.0, 20.0, 19.0, 20.0, 20.0, 19.0, 20.0, 18.0, 19.0, 20.0, 19.0, 20.0, 20.0, 20.0, 20.0, 19.0, 20.0, 17.0, 18.0, 20.0, 20.0, 20.0, 19.0, 20.0, 19.0, 20.0, 20.0, 17.0, 20.0, 20.0, 20.0, 20.0, 20.0, 19.0, 20.0, 20.0, 20.0, 20.0, 20.0, 20.0, 20.0, 19.0, 20.0, 19.0, 18.0, 20.0, 20.0, 20.0, 19.0, 20.0, 19.0, 19.0, 20.0, 20.0, 20.0, 20.0, 20.0, 20.0, 19.0, 20.0, 19.0, 20.0, 20.0, 19.0, 19.0, 20.0, 20.0, 20.0, 19.0, 20.0, 21.0, 20.0, 20.0, 20.0], "timestamps": [1588547558.639166, 1588547565.9176998, 1588547573.2779787, 1588547580.803851, 1588547588.613963, 1588547596.5716805, 1588547604.5543315, 1588547613.9123037, 1588547622.8962765, 1588547630.6234858, 1588547638.349822, 1588547646.3703713, 1588547654.002959, 1588547661.9177907, 1588547670.059159, 1588547679.8669293, 1588547690.0187774, 1588547697.3785584, 1588547705.7272317, 1588547715.0483024, 1588547722.7008357, 1588547730.489007, 1588547738.2872906, 1588547746.062495, 1588547753.914496, 1588547762.4755988, 1588547770.6168256, 1588547777.9921007, 1588547785.6675732, 1588547793.8317385, 1588547801.6667838, 1588547809.9067464, 1588547817.5423255, 1588547825.8630722, 1588547834.132485, 1588547842.1659987, 1588547850.034954, 1588547857.9208639, 1588547865.3420155, 1588547873.4822457, 1588547881.3352427, 1588547889.0248022, 1588547896.611512, 1588547905.575539, 1588547913.794557, 1588547921.3702958, 1588547928.889187, 1588547936.530328, 1588547944.7164352, 1588547952.791838, 1588547960.964979, 1588547968.5257587, 1588547976.7599244, 1588547985.6269164, 1588547993.419077, 1588548001.422672, 1588548009.4402506, 1588548017.3770247, 1588548025.0136006, 1588548032.5155368, 1588548040.3904755, 1588548048.5063405, 1588548056.2945113, 1588548064.680086, 1588548072.6497705, 1588548080.947578, 1588548088.8494463, 1588548097.0385444, 1588548106.6161673, 1588548115.8564548, 1588548125.0029924, 1588548133.1631694, 1588548141.2784646, 1588548149.415702, 1588548158.2570572, 1588548166.9178927, 1588548175.529862, 1588548184.9247355, 1588548193.5656252, 1588548202.65731, 1588548211.5455387, 1588548220.5993261, 1588548229.902444, 1588548239.2983148, 1588548248.18056, 1588548256.6768374, 1588548266.038799, 1588548275.3149912, 1588548284.6270862, 1588548294.0618534, 1588548303.6911006, 1588548313.2674887, 1588548323.0224001, 1588548333.5741794, 1588548343.4407935, 1588548354.526145, 1588548366.2537813, 1588548376.8424609, 1588548387.3353984, 1588548397.143167], "initial_reset_timestamp": 1588547549.8583817}